{
	"INTRO": [
		"Hey, I'm Grimace, your co-McWorker.\nAnd Ronald's McFavourite person in the whole McWorld.",
		"Ronald ronald ronald...\nOh hey, I'm Grimace. I'll be making sure you do your McJobs.",
		"The name's Grimace, the McPleasure's all yours.\nBelieve me, I want you McFired."
	],
	"TAUNT": [
		"Haven't you got some McJobs do to?\nGo and do them, you McSlacker!",
		"Go do your McJobs.\nRonald and I have some special McChatting to do.",
		"Ronald only pays people who do their McJobs."
	],
	"BRAG": [
		"Oh boy Ronald McDonald is so McAttractive.\nI want to McKiss him on his McHot McLips.",
		"Damn Ronald McDonald is so McFine...",
		"What if me and Ronald McDonald kissed at McMakeout point?",
		"I would McSacrifice a infant to win over Ronald's McHeart.\nHell, I'd McCrucify two."
	],
	"PRE_MURDER": [
		"What're you going to do, McKill me?\nRonald will never McLove you.",
		"You can't McKill me, Ronald would McFire you on the spot."
	],
	"DYING": [
		"You McFreaking stabbed me! Ronald will McHear about-",
		"What the McHell dude?\nI'm going to McBleed to death!",
		"What, a McKnife?\nI'm not McScared of-",
		"You wouldn't McStab me.\nRonald would never"
	],
	"DEAD": [
		"Like he should be.",
		"He had it coming.",
		"That'll teach him.",
		"He was asking for it.",
		"A welcome sight.",
		"You wanted this, you monster.",
		"Now, nothing stands between you and Ronald."
	]
}