{
	"INTRO": [
		"Hello there! My name is Ronald.",
		"I am Ronald, the owner of this McEstablishment.",
		"I'm Ronald. Ronald McDonald."
	],
	"TUTORIAL": [
		"You're McNew here.\nGo to the McKitchen and click on the McStove to start cooking some McPatties!",
		"Haven't seen you McRound here...\nHead over to the McKitchen and click the McJuice machine.",
		"I'm McGuessing you don't know what to McDo.\nGo to the McKitchen and click the McCash register, there's lots of hungry McCustomers today."
	],
	"JOB_GIVE": [
		"We really need some more McPatties cooked. Try not to McCook them too much though.",
		"There's lots of McJuice that needs to be McPoured. You can choose any McFlavour you'd like.",
		"Quite a McFew people are waiting by the McCash register, you should McSee to it."
	],
	"JOB_IGNORE": [
		"Hurry up, do your McJob.",
		"Those McJobs aren't going to McDo themselves.",
		"Go, do your McJob!",
		"Stop being McLazy and get on with it!"
	],
	"JOB_DONE": [
		"Wonderfully McDone! You should get a McPromotion!",
		"Nicely McDone. Now, go find some more McJobs to McDo!",
		"You did okay... Try doing some other McJobs for now.",
		"Are you sure you're ready to McWork here? Go McDo some more of your McJobs.",
		"We're never getting those McCustomers McBack...",
		"Do you have any idea how much McMoney you've just McLost us?",
		"I should McFire you on the McSpot."
	]
}