{
	"INTRO": [
		"Hello there! My name is Ronald.",
		"I am Ronald, the owner of this establishment.",
		"I'm Ronald."
	],
	"TUTORIAL": [
		"You're new here.\nGo to the kitchen and click on the stove to start cooking some patties!",
		"Haven't seen you around here...\nHead over to the kitchen and click the juice machine.",
		"I'm guessing you don't know what to do.\nGo to the kitchen and click the cash register, there's lots of hungry customers today."
	],
	"JOB_GIVE": [
		"We really need some more patties cooked. Try not to cook them too much though.",
		"There's lots of juice that needs to be poured. You can choose any flavour you'd like.",
		"Quite a few people are waiting by the cash register, you should see to it."
	],
	"JOB_IGNORE": [
		"Hurry up, do your job.",
		"Those jobs aren't going to do themselves.",
		"Go, do your job!",
		"Stop being lazy and get on with it!"
	],
	"JOB_DONE": [
		"Wonderfully done! You should get a promotion!",
		"Nicely done. Now, go find some more jobs to do!",
		"You did okay... Try doing some other jobs for now.",
		"Are you sure you're ready to work here? Go do some more of your jobs.",
		"We're never getting those customers back...",
		"Do you have any idea how much money you've just lost us?",
		"I should fire you on the spot."
	]
}