{
	"INTRO": [
		"Hello there! My name is Ronald.",
		"I am Ronald, the owner of this establishment.",
		"I'm Ronald."
	],
	"TUTORIAL": [
		"Your knew hear.\nGo too the kitchen and click on the stove to start cooking",
		"Have not seen you around here before.\nHead over to the kitchen and click the juice machine.",
		"im guessing you dont know what to do\ngo to the kitchen and click the cash register"
	],
	"JOB_GIVE": [
		"We really need some more patties cooked. Try not to cook them too much though.",
		"There's lots of juice that needs to be poured. You can choose any flavour you'd like.",
		"Quite a few people are waiting by the cash register, you should see to it."
	],
	"JOB_IGNORE": [
		"Hurry up, do your job.",
		"Those jobs aren't going to do themselves.",
		"Go, do your job!",
		"Stop being lazy and get on with it!"
	],
	"JOB_DONE": [
		"Wonderfully done! You should get a promotion!",
		"Nicely done. Now, go find some more jobs to do!",
		"You did okay... Try doing some other jobs for now.",
		"Are you sure you're ready to work here? Take another crack at it, I guess.",
		"We're never getting those customers back...",
		"Do you have any idea how much money you've just lost us?",
		"I should fire you on the spot."
	]
}