{
	"INTRO": [
		"Hey, I'm Grimace, your co-McWorker.\nAnd Ronald's McFavourite person in the whole McWorld."
	],
	"TAUNT": [
		"Haven't you got some McJobs do to?\nGo and do them, you McSlacker!"
	],
	"BRAG": [
		"Oh boy Ronald McDonald is so McAttractive.\nI want to McKiss him on his McHot McLips.\n. . .\nI wanna get McDown and freaky with him.",
		"Damn Ronald McDonald is so McFine.",
		"What if me and Ronald McDonald kissed at McMakeout point"
	],
	"PRE_MURDER": [
		"What're you going to do, McKill me?\nRonald will never McLove you.",
		"You can't McKill me, Ronald would McFire you on the spot."
	],
	"DYING": [
		"I'm McFreaking dying ow."
	],
	"DEAD": [
		"Like he should be.",
		"He had it coming.",
		"That'll teach him.",
		"He was asking for it.",
		"A welcome sight.",
		"You wanted this, you monster.",
		"Now, nothing stands between you and Ronald."
	]
}